x,p(x),polynome
0.78,196.20678602331384,"[73.94477052 74.99119836 11.83615809  8.57123293 89.06455882  6.07332195
 78.94994551]"
0.8230000000000001,216.14414186215777,"[73.94477052 74.99119836 11.83615809  8.57123293 89.06455882  6.07332195
 78.94994551]"
0.654,153.64689689640565,"[73.94477052 74.99119836 11.83615809  8.57123293 89.06455882  6.07332195
 78.94994551]"
0.506,123.39639005894742,"[73.94477052 74.99119836 11.83615809  8.57123293 89.06455882  6.07332195
 78.94994551]"
0.578,136.1754207313528,"[73.94477052 74.99119836 11.83615809  8.57123293 89.06455882  6.07332195
 78.94994551]"
0.58,136.57683458305738,"[73.94477052 74.99119836 11.83615809  8.57123293 89.06455882  6.07332195
 78.94994551]"
0.891,273.8115804661184,"[43.85889168 69.38242859 21.38428692 91.24825708 30.17508719 56.39771725
 71.79939557]"
0.433,87.71092959835414,"[43.85889168 69.38242859 21.38428692 91.24825708 30.17508719 56.39771725
 71.79939557]"
0.9420000000000001,320.2278787517055,"[43.85889168 69.38242859 21.38428692 91.24825708 30.17508719 56.39771725
 71.79939557]"
0.927,305.69150370437654,"[43.85889168 69.38242859 21.38428692 91.24825708 30.17508719 56.39771725
 71.79939557]"
0.926,304.7496311155965,"[43.85889168 69.38242859 21.38428692 91.24825708 30.17508719 56.39771725
 71.79939557]"
0.248,63.95651888800433,"[43.85889168 69.38242859 21.38428692 91.24825708 30.17508719 56.39771725
 71.79939557]"
0.187,27.373417047041098,"[11.95793603 81.11152932  4.55533661  5.43906597 28.50414678 74.19631914
 21.98571977]"
0.5,58.7760891009946,"[11.95793603 81.11152932  4.55533661  5.43906597 28.50414678 74.19631914
 21.98571977]"
0.031,14.476961617665243,"[11.95793603 81.11152932  4.55533661  5.43906597 28.50414678 74.19631914
 21.98571977]"
0.995,224.16422307290927,"[11.95793603 81.11152932  4.55533661  5.43906597 28.50414678 74.19631914
 21.98571977]"
0.8270000000000001,134.29753915579553,"[11.95793603 81.11152932  4.55533661  5.43906597 28.50414678 74.19631914
 21.98571977]"
0.448,52.364162494362525,"[11.95793603 81.11152932  4.55533661  5.43906597 28.50414678 74.19631914
 21.98571977]"
0.868,296.74368895914887,"[76.94503227 99.60556855 44.51020057 94.52178668 21.27115307 34.77004384
 20.54110781]"
0.58,173.60310601157056,"[76.94503227 99.60556855 44.51020057 94.52178668 21.27115307 34.77004384
 20.54110781]"
0.054,82.46860584161128,"[76.94503227 99.60556855 44.51020057 94.52178668 21.27115307 34.77004384
 20.54110781]"
0.015,78.44945070984991,"[76.94503227 99.60556855 44.51020057 94.52178668 21.27115307 34.77004384
 20.54110781]"
0.495,151.23274554655242,"[76.94503227 99.60556855 44.51020057 94.52178668 21.27115307 34.77004384
 20.54110781]"
0.033,80.28391108522443,"[76.94503227 99.60556855 44.51020057 94.52178668 21.27115307 34.77004384
 20.54110781]"
0.984,297.17687197886784,"[32.16329941 49.07616828  2.28245644 89.15689163 90.98446616  3.13968864
 45.57487044]"
0.011,32.70353344232612,"[32.16329941 49.07616828  2.28245644 89.15689163 90.98446616  3.13968864
 45.57487044]"
0.667,114.80485287764088,"[32.16329941 49.07616828  2.28245644 89.15689163 90.98446616  3.13968864
 45.57487044]"
0.47300000000000003,70.46081152087028,"[32.16329941 49.07616828  2.28245644 89.15689163 90.98446616  3.13968864
 45.57487044]"
0.219,44.172802196054604,"[32.16329941 49.07616828  2.28245644 89.15689163 90.98446616  3.13968864
 45.57487044]"
0.455,67.72888360723043,"[32.16329941 49.07616828  2.28245644 89.15689163 90.98446616  3.13968864
 45.57487044]"
0.225,13.920835784255816,"[ 1.75090148 40.72924276 50.24234915 28.68310116 42.56209336 38.83048546
 31.93693109]"
0.937,190.0896694919353,"[ 1.75090148 40.72924276 50.24234915 28.68310116 42.56209336 38.83048546
 31.93693109]"
0.152,9.229539040415382,"[ 1.75090148 40.72924276 50.24234915 28.68310116 42.56209336 38.83048546
 31.93693109]"
0.795,117.69311971471045,"[ 1.75090148 40.72924276 50.24234915 28.68310116 42.56209336 38.83048546
 31.93693109]"
0.374,26.716135279532626,"[ 1.75090148 40.72924276 50.24234915 28.68310116 42.56209336 38.83048546
 31.93693109]"
0.999,233.95307664256046,"[ 1.75090148 40.72924276 50.24234915 28.68310116 42.56209336 38.83048546
 31.93693109]"
0.834,201.36780139328906,"[66.69506601 41.7410073   2.71385563 85.98341141 21.01642165 56.30982838
 45.18942394]"
0.186,75.14563387167165,"[66.69506601 41.7410073   2.71385563 85.98341141 21.01642165 56.30982838
 45.18942394]"
0.315,83.22595586073322,"[66.69506601 41.7410073   2.71385563 85.98341141 21.01642165 56.30982838
 45.18942394]"
0.709,149.4370745586537,"[66.69506601 41.7410073   2.71385563 85.98341141 21.01642165 56.30982838
 45.18942394]"
0.907,244.88748091266734,"[66.69506601 41.7410073   2.71385563 85.98341141 21.01642165 56.30982838
 45.18942394]"
0.561,112.76627543688569,"[66.69506601 41.7410073   2.71385563 85.98341141 21.01642165 56.30982838
 45.18942394]"
0.84,302.9636233290873,"[96.47948576 65.58493886 56.14516798 95.67318427 17.48144862 33.56412815
 92.03139403]"
0.227,115.45870812524853,"[96.47948576 65.58493886 56.14516798 95.67318427 17.48144862 33.56412815
 92.03139403]"
0.993,448.28118487465446,"[96.47948576 65.58493886 56.14516798 95.67318427 17.48144862 33.56412815
 92.03139403]"
0.457,149.57901161737104,"[96.47948576 65.58493886 56.14516798 95.67318427 17.48144862 33.56412815
 92.03139403]"
0.422,142.86823669153762,"[96.47948576 65.58493886 56.14516798 95.67318427 17.48144862 33.56412815
 92.03139403]"
0.541,168.90284533362464,"[96.47948576 65.58493886 56.14516798 95.67318427 17.48144862 33.56412815
 92.03139403]"
0.617,81.51974055514059,"[12.85657737 52.91049516 49.56786603  7.11407852 44.21579823 43.88476038
 93.2450544 ]"
0.551,67.16288595552669,"[12.85657737 52.91049516 49.56786603  7.11407852 44.21579823 43.88476038
 93.2450544 ]"
0.675,97.49136268248942,"[12.85657737 52.91049516 49.56786603  7.11407852 44.21579823 43.88476038
 93.2450544 ]"
0.223,27.34448314526531,"[12.85657737 52.91049516 49.56786603  7.11407852 44.21579823 43.88476038
 93.2450544 ]"
0.5730000000000001,71.56474305364166,"[12.85657737 52.91049516 49.56786603  7.11407852 44.21579823 43.88476038
 93.2450544 ]"
0.026000000000000002,14.265903913079399,"[12.85657737 52.91049516 49.56786603  7.11407852 44.21579823 43.88476038
 93.2450544 ]"
0.105,10.131381758958316,"[ 8.91382969  2.66770655 77.37588601 69.6284807  22.74535049 75.66312758
 29.60966572]"
0.9570000000000001,245.91858003687395,"[ 8.91382969  2.66770655 77.37588601 69.6284807  22.74535049 75.66312758
 29.60966572]"
0.8310000000000001,155.10165066470262,"[ 8.91382969  2.66770655 77.37588601 69.6284807  22.74535049 75.66312758
 29.60966572]"
0.10200000000000001,10.068175536215524,"[ 8.91382969  2.66770655 77.37588601 69.6284807  22.74535049 75.66312758
 29.60966572]"
0.936,228.02352637899497,"[ 8.91382969  2.66770655 77.37588601 69.6284807  22.74535049 75.66312758
 29.60966572]"
0.892,194.31845016267678,"[ 8.91382969  2.66770655 77.37588601 69.6284807  22.74535049 75.66312758
 29.60966572]"
0.497,145.17097552986905,"[98.6633394  55.44479874 28.63017572 52.67075181 20.46985134 96.22372299
 82.73058081]"
0.444,136.6247227656927,"[98.6633394  55.44479874 28.63017572 52.67075181 20.46985134 96.22372299
 82.73058081]"
0.623,174.0052547368121,"[98.6633394  55.44479874 28.63017572 52.67075181 20.46985134 96.22372299
 82.73058081]"
0.28700000000000003,118.55184780397369,"[98.6633394  55.44479874 28.63017572 52.67075181 20.46985134 96.22372299
 82.73058081]"
0.258,116.00347204958636,"[98.6633394  55.44479874 28.63017572 52.67075181 20.46985134 96.22372299
 82.73058081]"
0.629,175.77470126672677,"[98.6633394  55.44479874 28.63017572 52.67075181 20.46985134 96.22372299
 82.73058081]"
0.614,141.73924913867734,"[58.93490145 78.90918368 14.70652239 37.3150186  81.70532942 48.24778119
 81.17598392]"
0.769,203.617706146248,"[58.93490145 78.90918368 14.70652239 37.3150186  81.70532942 48.24778119
 81.17598392]"
0.875,273.31054930910545,"[58.93490145 78.90918368 14.70652239 37.3150186  81.70532942 48.24778119
 81.17598392]"
0.553,125.83724901945237,"[58.93490145 78.90918368 14.70652239 37.3150186  81.70532942 48.24778119
 81.17598392]"
0.6910000000000001,167.86053096068656,"[58.93490145 78.90918368 14.70652239 37.3150186  81.70532942 48.24778119
 81.17598392]"
0.526,119.85706164818723,"[58.93490145 78.90918368 14.70652239 37.3150186  81.70532942 48.24778119
 81.17598392]"
0.328,39.77125826404583,"[33.52155502 15.14166001  3.26389166  9.51115709 21.7076166  71.20112299
 60.16144779]"
0.058,34.412901454392674,"[33.52155502 15.14166001  3.26389166  9.51115709 21.7076166  71.20112299
 60.16144779]"
0.219,37.18645642159461,"[33.52155502 15.14166001  3.26389166  9.51115709 21.7076166  71.20112299
 60.16144779]"
0.309,39.243425885457896,"[33.52155502 15.14166001  3.26389166  9.51115709 21.7076166  71.20112299
 60.16144779]"
0.839,115.48077071215856,"[33.52155502 15.14166001  3.26389166  9.51115709 21.7076166  71.20112299
 60.16144779]"
0.093,34.967767273583384,"[33.52155502 15.14166001  3.26389166  9.51115709 21.7076166  71.20112299
 60.16144779]"
0.806,183.72440173157645,"[51.52854782 32.14710958  5.22869545 67.69626702 88.66233003 14.5412964
 91.47139912]"
0.101,54.90796750907457,"[51.52854782 32.14710958  5.22869545 67.69626702 88.66233003 14.5412964
 91.47139912]"
0.9480000000000001,293.5169761844744,"[51.52854782 32.14710958  5.22869545 67.69626702 88.66233003 14.5412964
 91.47139912]"
0.9400000000000001,285.59263432878635,"[51.52854782 32.14710958  5.22869545 67.69626702 88.66233003 14.5412964
 91.47139912]"
0.386,71.00521666234525,"[51.52854782 32.14710958  5.22869545 67.69626702 88.66233003 14.5412964
 91.47139912]"
0.542,91.91724461242364,"[51.52854782 32.14710958  5.22869545 67.69626702 88.66233003 14.5412964
 91.47139912]"
0.844,243.6341527696701,"[87.10138128 90.29630499 48.6958866  14.19220819 19.22145478 51.7272844
 14.37513388]"
0.363,127.66705101364393,"[87.10138128 90.29630499 48.6958866  14.19220819 19.22145478 51.7272844
 14.37513388]"
0.867,253.54859963138898,"[87.10138128 90.29630499 48.6958866  14.19220819 19.22145478 51.7272844
 14.37513388]"
0.6930000000000001,192.07940757913676,"[87.10138128 90.29630499 48.6958866  14.19220819 19.22145478 51.7272844
 14.37513388]"
0.305,119.8887942769523,"[87.10138128 90.29630499 48.6958866  14.19220819 19.22145478 51.7272844
 14.37513388]"
0.613,171.97475654870522,"[87.10138128 90.29630499 48.6958866  14.19220819 19.22145478 51.7272844
 14.37513388]"
0.11900000000000001,9.45787762071586,"[ 2.44838579 55.9999847  15.12819138 67.93993795 82.17623834  6.32055481
 50.63300605]"
0.7010000000000001,99.46336880191868,"[ 2.44838579 55.9999847  15.12819138 67.93993795 82.17623834  6.32055481
 50.63300605]"
0.28500000000000003,21.79109444672906,"[ 2.44838579 55.9999847  15.12819138 67.93993795 82.17623834  6.32055481
 50.63300605]"
0.156,11.860453176194644,"[ 2.44838579 55.9999847  15.12819138 67.93993795 82.17623834  6.32055481
 50.63300605]"
0.532,54.75142702168373,"[ 2.44838579 55.9999847  15.12819138 67.93993795 82.17623834  6.32055481
 50.63300605]"
0.722,107.07946803179954,"[ 2.44838579 55.9999847  15.12819138 67.93993795 82.17623834  6.32055481
 50.63300605]"
0.159,56.13851498351926,"[42.2397152  82.65789209 26.31879487 19.64197276 10.08237473 39.9793646
 84.6874845 ]"
0.078,48.856983164085015,"[42.2397152  82.65789209 26.31879487 19.64197276 10.08237473 39.9793646
 84.6874845 ]"
0.04,45.58942829038664,"[42.2397152  82.65789209 26.31879487 19.64197276 10.08237473 39.9793646
 84.6874845 ]"
0.17300000000000001,57.44642327719294,"[42.2397152  82.65789209 26.31879487 19.64197276 10.08237473 39.9793646
 84.6874845 ]"
0.23800000000000002,63.7461649081535,"[42.2397152  82.65789209 26.31879487 19.64197276 10.08237473 39.9793646
 84.6874845 ]"
0.621,118.4725146964906,"[42.2397152  82.65789209 26.31879487 19.64197276 10.08237473 39.9793646
 84.6874845 ]"
0.194,64.29910130848927,"[46.45468297 85.41370501 25.60718926 31.66008107 39.3254581  71.23432874
 74.41136182]"
0.52,109.3004966004024,"[46.45468297 85.41370501 25.60718926 31.66008107 39.3254581  71.23432874
 74.41136182]"
0.281,73.58700166116233,"[46.45468297 85.41370501 25.60718926 31.66008107 39.3254581  71.23432874
 74.41136182]"
0.27,72.3463463601304,"[46.45468297 85.41370501 25.60718926 31.66008107 39.3254581  71.23432874
 74.41136182]"
0.279,73.35977955188686,"[46.45468297 85.41370501 25.60718926 31.66008107 39.3254581  71.23432874
 74.41136182]"
0.629,135.96766321978978,"[46.45468297 85.41370501 25.60718926 31.66008107 39.3254581  71.23432874
 74.41136182]"
0.775,206.30043213152683,"[29.89473379 71.00808618 54.43717282 52.9955722  98.5741124  42.64562387
 76.27027064]"
0.982,401.30907852323753,"[29.89473379 71.00808618 54.43717282 52.9955722  98.5741124  42.64562387
 76.27027064]"
0.4,73.67222402549064,"[29.89473379 71.00808618 54.43717282 52.9955722  98.5741124  42.64562387
 76.27027064]"
0.508,96.28095361841244,"[29.89473379 71.00808618 54.43717282 52.9955722  98.5741124  42.64562387
 76.27027064]"
0.001,29.965796364120248,"[29.89473379 71.00808618 54.43717282 52.9955722  98.5741124  42.64562387
 76.27027064]"
0.198,46.66893944366467,"[29.89473379 71.00808618 54.43717282 52.9955722  98.5741124  42.64562387
 76.27027064]"
0.451,81.64818478548965,"[52.15120147 37.750519   31.51833004 42.74801337 12.12694642 66.2438517
 47.70661939]"
0.34800000000000003,71.50764504663495,"[52.15120147 37.750519   31.51833004 42.74801337 12.12694642 66.2438517
 47.70661939]"
0.499,87.6862170837022,"[52.15120147 37.750519   31.51833004 42.74801337 12.12694642 66.2438517
 47.70661939]"
0.795,161.48774524910382,"[52.15120147 37.750519   31.51833004 42.74801337 12.12694642 66.2438517
 47.70661939]"
0.779,155.02412471964695,"[52.15120147 37.750519   31.51833004 42.74801337 12.12694642 66.2438517
 47.70661939]"
0.785,157.40159841109136,"[52.15120147 37.750519   31.51833004 42.74801337 12.12694642 66.2438517
 47.70661939]"
0.972,335.17539584487207,"[80.48808326 15.50706086 45.86628644 64.63468249 39.93534711 43.66608618
 75.16873927]"
0.919,286.0334074790462,"[80.48808326 15.50706086 45.86628644 64.63468249 39.93534711 43.66608618
 75.16873927]"
0.312,92.33099099732809,"[80.48808326 15.50706086 45.86628644 64.63468249 39.93534711 43.66608618
 75.16873927]"
0.9500000000000001,313.60178107172436,"[80.48808326 15.50706086 45.86628644 64.63468249 39.93534711 43.66608618
 75.16873927]"
0.14200000000000002,83.81937594187383,"[80.48808326 15.50706086 45.86628644 64.63468249 39.93534711 43.66608618
 75.16873927]"
0.675,153.25031197344336,"[80.48808326 15.50706086 45.86628644 64.63468249 39.93534711 43.66608618
 75.16873927]"
0.17500000000000002,77.6865279327412,"[57.36914564 97.44819382 94.75547264 50.48619673 94.08182484  4.15665986
 89.36662357]"
0.308,98.78165629943086,"[57.36914564 97.44819382 94.75547264 50.48619673 94.08182484  4.15665986
 89.36662357]"
0.744,248.0443614389292,"[57.36914564 97.44819382 94.75547264 50.48619673 94.08182484  4.15665986
 89.36662357]"
0.341,105.05088984455061,"[57.36914564 97.44819382 94.75547264 50.48619673 94.08182484  4.15665986
 89.36662357]"
0.426,123.67182322678568,"[57.36914564 97.44819382 94.75547264 50.48619673 94.08182484  4.15665986
 89.36662357]"
0.053,62.80833033649332,"[57.36914564 97.44819382 94.75547264 50.48619673 94.08182484  4.15665986
 89.36662357]"
0.019,62.75116638974487,"[61.90225051 44.53018803  6.39505748 75.91074521 99.48862088 21.86867347
 19.51105975]"
0.624,128.92784383147884,"[61.90225051 44.53018803  6.39505748 75.91074521 99.48862088 21.86867347
 19.51105975]"
0.37,85.16529343510392,"[61.90225051 44.53018803  6.39505748 75.91074521 99.48862088 21.86867347
 19.51105975]"
0.47600000000000003,98.60332430179145,"[61.90225051 44.53018803  6.39505748 75.91074521 99.48862088 21.86867347
 19.51105975]"
0.967,301.01940665027604,"[61.90225051 44.53018803  6.39505748 75.91074521 99.48862088 21.86867347
 19.51105975]"
0.685,147.02381381338623,"[61.90225051 44.53018803  6.39505748 75.91074521 99.48862088 21.86867347
 19.51105975]"
0.884,241.4959528695082,"[49.81892904  6.4406413  90.94836146 13.30021713 96.65766245 18.1984919
 77.26716754]"
0.004,49.8461476571748,"[49.81892904  6.4406413  90.94836146 13.30021713 96.65766245 18.1984919
 77.26716754]"
0.177,53.98240416742636,"[49.81892904  6.4406413  90.94836146 13.30021713 96.65766245 18.1984919
 77.26716754]"
0.994,345.68809263553226,"[49.81892904  6.4406413  90.94836146 13.30021713 96.65766245 18.1984919
 77.26716754]"
0.301,61.256129933313645,"[49.81892904  6.4406413  90.94836146 13.30021713 96.65766245 18.1984919
 77.26716754]"
0.682,132.10378117366145,"[49.81892904  6.4406413  90.94836146 13.30021713 96.65766245 18.1984919
 77.26716754]"
0.562,136.66617342221866,"[92.82752615 21.70735367 41.89599278 82.18274513 14.40563397 26.21290443
 28.94721777]"
0.66,157.44024483937577,"[92.82752615 21.70735367 41.89599278 82.18274513 14.40563397 26.21290443
 28.94721777]"
0.085,95.02669944619005,"[92.82752615 21.70735367 41.89599278 82.18274513 14.40563397 26.21290443
 28.94721777]"
0.389,113.11267349862153,"[92.82752615 21.70735367 41.89599278 82.18274513 14.40563397 26.21290443
 28.94721777]"
0.884,238.29094786747638,"[92.82752615 21.70735367 41.89599278 82.18274513 14.40563397 26.21290443
 28.94721777]"
0.513,128.54090226689533,"[92.82752615 21.70735367 41.89599278 82.18274513 14.40563397 26.21290443
 28.94721777]"
0.646,110.40483115648526,"[28.97326155 17.06365975 51.66868593 95.91060669 72.29879601 73.62062069
 29.12306634]"
0.747,155.22606591095936,"[28.97326155 17.06365975 51.66868593 95.91060669 72.29879601 73.62062069
 29.12306634]"
0.11800000000000001,31.87957239114947,"[28.97326155 17.06365975 51.66868593 95.91060669 72.29879601 73.62062069
 29.12306634]"
0.437,58.31406620281739,"[28.97326155 17.06365975 51.66868593 95.91060669 72.29879601 73.62062069
 29.12306634]"
0.834,209.26315813349547,"[28.97326155 17.06365975 51.66868593 95.91060669 72.29879601 73.62062069
 29.12306634]"
0.66,115.66146465932346,"[28.97326155 17.06365975 51.66868593 95.91060669 72.29879601 73.62062069
 29.12306634]"
0.588,107.9163840688946,"[68.03076268 12.55422874 37.08133572 36.44937483 63.52729541 39.54926037
 45.95134286]"
0.222,73.22524099065107,"[68.03076268 12.55422874 37.08133572 36.44937483 63.52729541 39.54926037
 45.95134286]"
0.457,88.96919334870645,"[68.03076268 12.55422874 37.08133572 36.44937483 63.52729541 39.54926037
 45.95134286]"
0.486,92.29655700055156,"[68.03076268 12.55422874 37.08133572 36.44937483 63.52729541 39.54926037
 45.95134286]"
0.493,93.1643340175105,"[68.03076268 12.55422874 37.08133572 36.44937483 63.52729541 39.54926037
 45.95134286]"
0.458,89.07708622742413,"[68.03076268 12.55422874 37.08133572 36.44937483 63.52729541 39.54926037
 45.95134286]"
0.121,77.36878973721326,"[67.76979441 72.87519735 45.60783585 58.50095094 37.16578804 61.52846154
 48.24395578]"
0.779,221.98987754664353,"[67.76979441 72.87519735 45.60783585 58.50095094 37.16578804 61.52846154
 48.24395578]"
0.662,171.9941403402525,"[67.76979441 72.87519735 45.60783585 58.50095094 37.16578804 61.52846154
 48.24395578]"
0.714,191.81581227617357,"[67.76979441 72.87519735 45.60783585 58.50095094 37.16578804 61.52846154
 48.24395578]"
0.35000000000000003,102.34086497805674,"[67.76979441 72.87519735 45.60783585 58.50095094 37.16578804 61.52846154
 48.24395578]"
0.853,265.4713748847499,"[67.76979441 72.87519735 45.60783585 58.50095094 37.16578804 61.52846154
 48.24395578]"
0.791,135.31111226287433,"[22.35467631 75.23036451 12.79662534  8.32397994 86.18204282 13.00422698
 14.52535557]"
0.6960000000000001,107.71875667240045,"[22.35467631 75.23036451 12.79662534  8.32397994 86.18204282 13.00422698
 14.52535557]"
0.406,58.114772292410024,"[22.35467631 75.23036451 12.79662534  8.32397994 86.18204282 13.00422698
 14.52535557]"
0.545,77.1128303647001,"[22.35467631 75.23036451 12.79662534  8.32397994 86.18204282 13.00422698
 14.52535557]"
0.466,65.53180926054651,"[22.35467631 75.23036451 12.79662534  8.32397994 86.18204282 13.00422698
 14.52535557]"
0.9,178.43772605031793,"[22.35467631 75.23036451 12.79662534  8.32397994 86.18204282 13.00422698
 14.52535557]"
0.963,250.46595600151798,"[33.25584608 54.71526069 86.20787655  0.96141639  8.3568388  50.46626111
 43.54765654]"
0.79,160.1268912250092,"[33.25584608 54.71526069 86.20787655  0.96141639  8.3568388  50.46626111
 43.54765654]"
0.337,61.91315846337659,"[33.25584608 54.71526069 86.20787655  0.96141639  8.3568388  50.46626111
 43.54765654]"
0.677,123.23320170684903,"[33.25584608 54.71526069 86.20787655  0.96141639  8.3568388  50.46626111
 43.54765654]"
0.218,49.33907242008512,"[33.25584608 54.71526069 86.20787655  0.96141639  8.3568388  50.46626111
 43.54765654]"
0.596,103.4935634303717,"[33.25584608 54.71526069 86.20787655  0.96141639  8.3568388  50.46626111
 43.54765654]"
0.654,94.37646868899378,"[16.29682517 42.4786921  69.9863441  13.71528168 53.15265296  7.00146738
 76.24975008]"
0.989,268.8616577080387,"[16.29682517 42.4786921  69.9863441  13.71528168 53.15265296  7.00146738
 76.24975008]"
0.109,21.784010584110177,"[16.29682517 42.4786921  69.9863441  13.71528168 53.15265296  7.00146738
 76.24975008]"
0.047,18.449609287886815,"[16.29682517 42.4786921  69.9863441  13.71528168 53.15265296  7.00146738
 76.24975008]"
0.056,18.898046660468427,"[16.29682517 42.4786921  69.9863441  13.71528168 53.15265296  7.00146738
 76.24975008]"
0.171,25.724109040923473,"[16.29682517 42.4786921  69.9863441  13.71528168 53.15265296  7.00146738
 76.24975008]"
0.244,80.18201855228929,"[58.76470524 69.30578869 45.89628147 94.68905206 97.39715963 60.20577837
  6.60963259]"
0.63,166.05153503491528,"[58.76470524 69.30578869 45.89628147 94.68905206 97.39715963 60.20577837
  6.60963259]"
0.8220000000000001,268.4366418766648,"[58.76470524 69.30578869 45.89628147 94.68905206 97.39715963 60.20577837
  6.60963259]"
0.496,123.78656433871586,"[58.76470524 69.30578869 45.89628147 94.68905206 97.39715963 60.20577837
  6.60963259]"
0.09,65.44976367050799,"[58.76470524 69.30578869 45.89628147 94.68905206 97.39715963 60.20577837
  6.60963259]"
0.527,131.99606463589416,"[58.76470524 69.30578869 45.89628147 94.68905206 97.39715963 60.20577837
  6.60963259]"
0.507,135.87270223525388,"[98.37365628 18.57685416 50.54811401 67.27368899 78.01430286  0.30145397
 68.00647922]"
0.396,120.01814054186268,"[98.37365628 18.57685416 50.54811401 67.27368899 78.01430286  0.30145397
 68.00647922]"
0.376,117.83465362557985,"[98.37365628 18.57685416 50.54811401 67.27368899 78.01430286  0.30145397
 68.00647922]"
0.39,119.34443758625058,"[98.37365628 18.57685416 50.54811401 67.27368899 78.01430286  0.30145397
 68.00647922]"
0.77,215.04053904886408,"[98.37365628 18.57685416 50.54811401 67.27368899 78.01430286  0.30145397
 68.00647922]"
0.167,103.26124558128953,"[98.37365628 18.57685416 50.54811401 67.27368899 78.01430286  0.30145397
 68.00647922]"
0.779,110.2213529529579,"[ 0.14455399 71.7320471   0.61138024 28.48480563 64.03157025 43.7313868
 18.95367231]"
0.274,20.86745680083771,"[ 0.14455399 71.7320471   0.61138024 28.48480563 64.03157025 43.7313868
 18.95367231]"
0.31,24.022198781364068,"[ 0.14455399 71.7320471   0.61138024 28.48480563 64.03157025 43.7313868
 18.95367231]"
0.612,64.53577645742898,"[ 0.14455399 71.7320471   0.61138024 28.48480563 64.03157025 43.7313868
 18.95367231]"
0.88,153.43385280281487,"[ 0.14455399 71.7320471   0.61138024 28.48480563 64.03157025 43.7313868
 18.95367231]"
0.463,40.37443808316999,"[ 0.14455399 71.7320471   0.61138024 28.48480563 64.03157025 43.7313868
 18.95367231]"
0.768,205.73204704732893,"[32.53544465 90.90049375 56.12837198  8.66540696 70.46047759 98.01622561
 76.28391746]"
0.381,78.30040107136843,"[32.53544465 90.90049375 56.12837198  8.66540696 70.46047759 98.01622561
 76.28391746]"
0.194,52.47666342235273,"[32.53544465 90.90049375 56.12837198  8.66540696 70.46047759 98.01622561
 76.28391746]"
0.61,132.80143162443147,"[32.53544465 90.90049375 56.12837198  8.66540696 70.46047759 98.01622561
 76.28391746]"
0.376,77.47033636568075,"[32.53544465 90.90049375 56.12837198  8.66540696 70.46047759 98.01622561
 76.28391746]"
0.669,155.15123323043048,"[32.53544465 90.90049375 56.12837198  8.66540696 70.46047759 98.01622561
 76.28391746]"
0.8320000000000001,223.04512641350075,"[ 6.88351384 77.12808107 76.50040187 64.8094606  76.73042668  6.18446647
 67.76416808]"
0.275,35.70478076689241,"[ 6.88351384 77.12808107 76.50040187 64.8094606  76.73042668  6.18446647
 67.76416808]"
0.195,25.429385468669317,"[ 6.88351384 77.12808107 76.50040187 64.8094606  76.73042668  6.18446647
 67.76416808]"
0.927,299.6431556398485,"[ 6.88351384 77.12808107 76.50040187 64.8094606  76.73042668  6.18446647
 67.76416808]"
0.092,14.682841817026523,"[ 6.88351384 77.12808107 76.50040187 64.8094606  76.73042668  6.18446647
 67.76416808]"
0.178,23.48194857887117,"[ 6.88351384 77.12808107 76.50040187 64.8094606  76.73042668  6.18446647
 67.76416808]"
0.932,284.58707171493006,"[53.1321827  37.25515846 91.194054   23.6677644   6.02492358 67.23986791
 70.99708867]"
0.251,68.711463268126,"[53.1321827  37.25515846 91.194054   23.6677644   6.02492358 67.23986791
 70.99708867]"
0.6960000000000001,151.6833089153964,"[53.1321827  37.25515846 91.194054   23.6677644   6.02492358 67.23986791
 70.99708867]"
0.56,113.23521869767538,"[53.1321827  37.25515846 91.194054   23.6677644   6.02492358 67.23986791
 70.99708867]"
0.01,53.51387742819203,"[53.1321827  37.25515846 91.194054   23.6677644   6.02492358 67.23986791
 70.99708867]"
0.394,84.46411224069824,"[53.1321827  37.25515846 91.194054   23.6677644   6.02492358 67.23986791
 70.99708867]"
0.07100000000000001,75.73520207658417,"[74.97040664  4.06883555 92.60516915 21.44248705 50.98443243 58.99267126
 69.59114382]"
0.22,80.73368723295395,"[74.97040664  4.06883555 92.60516915 21.44248705 50.98443243 58.99267126
 69.59114382]"
0.8130000000000001,214.3327460910644,"[74.97040664  4.06883555 92.60516915 21.44248705 50.98443243 58.99267126
 69.59114382]"
0.045,75.34320418739819,"[74.97040664  4.06883555 92.60516915 21.44248705 50.98443243 58.99267126
 69.59114382]"
0.317,87.02337906316397,"[74.97040664  4.06883555 92.60516915 21.44248705 50.98443243 58.99267126
 69.59114382]"
0.7030000000000001,162.02873109611792,"[74.97040664  4.06883555 92.60516915 21.44248705 50.98443243 58.99267126
 69.59114382]"
0.893,274.83013205290564,"[26.06938635 88.97350082 10.29980098 86.43360617 41.49924863 45.39635078
 93.41509494]"
0.604,116.32053276656973,"[26.06938635 88.97350082 10.29980098 86.43360617 41.49924863 45.39635078
 93.41509494]"
0.997,388.14125365632333,"[26.06938635 88.97350082 10.29980098 86.43360617 41.49924863 45.39635078
 93.41509494]"
0.047,30.2830808678864,"[26.06938635 88.97350082 10.29980098 86.43360617 41.49924863 45.39635078
 93.41509494]"
0.161,41.05623384474923,"[26.06938635 88.97350082 10.29980098 86.43360617 41.49924863 45.39635078
 93.41509494]"
0.429,75.60643150800534,"[26.06938635 88.97350082 10.29980098 86.43360617 41.49924863 45.39635078
 93.41509494]"
0.436,111.7592102323954,"[45.94676656 96.01850314 69.68756538 89.15612156 58.73481939 43.37954483
 73.61442193]"
0.39,101.29132759896704,"[45.94676656 96.01850314 69.68756538 89.15612156 58.73481939 43.37954483
 73.61442193]"
0.14400000000000002,61.513288315128975,"[45.94676656 96.01850314 69.68756538 89.15612156 58.73481939 43.37954483
 73.61442193]"
0.47700000000000004,122.2587599538998,"[45.94676656 96.01850314 69.68756538 89.15612156 58.73481939 43.37954483
 73.61442193]"
0.28700000000000003,81.87591690785965,"[45.94676656 96.01850314 69.68756538 89.15612156 58.73481939 43.37954483
 73.61442193]"
0.7010000000000001,208.47324949129055,"[45.94676656 96.01850314 69.68756538 89.15612156 58.73481939 43.37954483
 73.61442193]"
0.226,45.1265333713463,"[23.01790785 78.99669347 63.41272174 71.67376639 56.64266013 48.07896926
 97.92780789]"
0.396,70.93435997295795,"[23.01790785 78.99669347 63.41272174 71.67376639 56.64266013 48.07896926
 97.92780789]"
0.586,119.47568644718264,"[23.01790785 78.99669347 63.41272174 71.67376639 56.64266013 48.07896926
 97.92780789]"
0.993,429.547793424847,"[23.01790785 78.99669347 63.41272174 71.67376639 56.64266013 48.07896926
 97.92780789]"
0.008,23.65397673876884,"[23.01790785 78.99669347 63.41272174 71.67376639 56.64266013 48.07896926
 97.92780789]"
0.075,29.331517518297584,"[23.01790785 78.99669347 63.41272174 71.67376639 56.64266013 48.07896926
 97.92780789]"
0.632,87.02208489811288,"[18.50419446 11.36306593 97.87578275 40.37574459 42.13732715  7.85176776
 71.18129104]"
0.916,218.8439217061744,"[18.50419446 11.36306593 97.87578275 40.37574459 42.13732715  7.85176776
 71.18129104]"
0.043000000000000003,19.177134430639057,"[18.50419446 11.36306593 97.87578275 40.37574459 42.13732715  7.85176776
 71.18129104]"
0.793,146.0254600471799,"[18.50419446 11.36306593 97.87578275 40.37574459 42.13732715  7.85176776
 71.18129104]"
0.1,20.663998052160647,"[18.50419446 11.36306593 97.87578275 40.37574459 42.13732715  7.85176776
 71.18129104]"
0.379,40.20959300611423,"[18.50419446 11.36306593 97.87578275 40.37574459 42.13732715  7.85176776
 71.18129104]"
0.682,145.82127007990923,"[77.04810012 12.2153396  11.30637968 82.25138754 71.79702458 56.36855677
 52.10093234]"
0.47800000000000004,100.22971108441713,"[77.04810012 12.2153396  11.30637968 82.25138754 71.79702458 56.36855677
 52.10093234]"
0.264,83.01304525714227,"[77.04810012 12.2153396  11.30637968 82.25138754 71.79702458 56.36855677
 52.10093234]"
0.594,120.92714432971735,"[77.04810012 12.2153396  11.30637968 82.25138754 71.79702458 56.36855677
 52.10093234]"
0.752,173.54433007698486,"[77.04810012 12.2153396  11.30637968 82.25138754 71.79702458 56.36855677
 52.10093234]"
0.9390000000000001,299.26713692711917,"[77.04810012 12.2153396  11.30637968 82.25138754 71.79702458 56.36855677
 52.10093234]"
0.078,43.23979009075074,"[38.3544458  55.7283222  83.66627738 61.97618194  1.44768752 11.59246344
 51.28585816]"
0.245,57.96792321046476,"[38.3544458  55.7283222  83.66627738 61.97618194  1.44768752 11.59246344
 51.28585816]"
0.251,58.623478273975465,"[38.3544458  55.7283222  83.66627738 61.97618194  1.44768752 11.59246344
 51.28585816]"
0.668,137.77550619584906,"[38.3544458  55.7283222  83.66627738 61.97618194  1.44768752 11.59246344
 51.28585816]"
0.596,117.7621348915618,"[38.3544458  55.7283222  83.66627738 61.97618194  1.44768752 11.59246344
 51.28585816]"
0.992,297.8814230681202,"[38.3544458  55.7283222  83.66627738 61.97618194  1.44768752 11.59246344
 51.28585816]"
0.033,30.99863493724898,"[28.82080253 65.20116952 20.83674706 95.39857542 61.50740032 31.05628771
 77.5876491 ]"
0.177,41.61136230091489,"[28.82080253 65.20116952 20.83674706 95.39857542 61.50740032 31.05628771
 77.5876491 ]"
0.619,116.00733425556525,"[28.82080253 65.20116952 20.83674706 95.39857542 61.50740032 31.05628771
 77.5876491 ]"
0.551,96.44921756798304,"[28.82080253 65.20116952 20.83674706 95.39857542 61.50740032 31.05628771
 77.5876491 ]"
0.328,56.7412894339577,"[28.82080253 65.20116952 20.83674706 95.39857542 61.50740032 31.05628771
 77.5876491 ]"
0.604,111.27459586043693,"[28.82080253 65.20116952 20.83674706 95.39857542 61.50740032 31.05628771
 77.5876491 ]"
0.519,92.96324411575347,"[20.20555977 97.74489771 18.81916492 74.30391055 52.21299926 73.30538345
  1.1580363 ]"
0.7030000000000001,149.51528749646812,"[20.20555977 97.74489771 18.81916492 74.30391055 52.21299926 73.30538345
  1.1580363 ]"
0.335,58.8240812321938,"[20.20555977 97.74489771 18.81916492 74.30391055 52.21299926 73.30538345
  1.1580363 ]"
0.222,43.81186049906409,"[20.20555977 97.74489771 18.81916492 74.30391055 52.21299926 73.30538345
  1.1580363 ]"
0.646,128.65784736607938,"[20.20555977 97.74489771 18.81916492 74.30391055 52.21299926 73.30538345
  1.1580363 ]"
0.885,245.33667839010766,"[20.20555977 97.74489771 18.81916492 74.30391055 52.21299926 73.30538345
  1.1580363 ]"
0.972,368.07309740124936,"[16.93701224 98.66060831 72.23985172 66.7070433  98.68099704 13.29692341
 30.95679388]"
0.839,255.18333306853714,"[16.93701224 98.66060831 72.23985172 66.7070433  98.68099704 13.29692341
 30.95679388]"
0.577,123.66011576367947,"[16.93701224 98.66060831 72.23985172 66.7070433  98.68099704 13.29692341
 30.95679388]"
0.296,55.008488288827415,"[16.93701224 98.66060831 72.23985172 66.7070433  98.68099704 13.29692341
 30.95679388]"
0.906,306.95536316258915,"[16.93701224 98.66060831 72.23985172 66.7070433  98.68099704 13.29692341
 30.95679388]"
0.402,75.45382402138338,"[16.93701224 98.66060831 72.23985172 66.7070433  98.68099704 13.29692341
 30.95679388]"
0.716,153.35909933893473,"[47.3287844  52.3082826  29.68375231 43.24378689 65.90111933 90.43920682
 23.36814522]"
0.47500000000000003,89.31721885998495,"[47.3287844  52.3082826  29.68375231 43.24378689 65.90111933 90.43920682
 23.36814522]"
0.644,127.89673741325709,"[47.3287844  52.3082826  29.68375231 43.24378689 65.90111933 90.43920682
 23.36814522]"
0.223,61.16494989265949,"[47.3287844  52.3082826  29.68375231 43.24378689 65.90111933 90.43920682
 23.36814522]"
0.381,76.14502204122842,"[47.3287844  52.3082826  29.68375231 43.24378689 65.90111933 90.43920682
 23.36814522]"
0.538,100.96040990310324,"[47.3287844  52.3082826  29.68375231 43.24378689 65.90111933 90.43920682
 23.36814522]"
0.774,228.42728661896504,"[80.25659052 41.73005117 84.50886254 52.19304989 17.22269006 50.72402925
 96.61208814]"
0.18,90.84142707730689,"[80.25659052 41.73005117 84.50886254 52.19304989 17.22269006 50.72402925
 96.61208814]"
0.34800000000000003,107.89571732830613,"[80.25659052 41.73005117 84.50886254 52.19304989 17.22269006 50.72402925
 96.61208814]"
0.398,114.8648982293392,"[80.25659052 41.73005117 84.50886254 52.19304989 17.22269006 50.72402925
 96.61208814]"
0.28400000000000003,100.37606851088867,"[80.25659052 41.73005117 84.50886254 52.19304989 17.22269006 50.72402925
 96.61208814]"
0.026000000000000002,81.39962568892051,"[80.25659052 41.73005117 84.50886254 52.19304989 17.22269006 50.72402925
 96.61208814]"
0.502,50.65825487334617,"[11.92356429 36.59373033 23.35928807 51.63218288 79.60279575 64.64259937
 51.87270244]"
0.625,77.92795641577523,"[11.92356429 36.59373033 23.35928807 51.63218288 79.60279575 64.64259937
 51.87270244]"
0.785,141.65604809911719,"[11.92356429 36.59373033 23.35928807 51.63218288 79.60279575 64.64259937
 51.87270244]"
0.966,281.4562721685915,"[11.92356429 36.59373033 23.35928807 51.63218288 79.60279575 64.64259937
 51.87270244]"
0.587,67.97452237151616,"[11.92356429 36.59373033 23.35928807 51.63218288 79.60279575 64.64259937
 51.87270244]"
0.976,292.2115006544318,"[11.92356429 36.59373033 23.35928807 51.63218288 79.60279575 64.64259937
 51.87270244]"
0.859,257.132471868936,"[77.4743453  76.05181782 55.70933504 31.98031257 19.31782425 51.99420573
 45.09442258]"
0.593,156.9943186727377,"[77.4743453  76.05181782 55.70933504 31.98031257 19.31782425 51.99420573
 45.09442258]"
0.111,86.65012211995716,"[77.4743453  76.05181782 55.70933504 31.98031257 19.31782425 51.99420573
 45.09442258]"
0.716,193.1628025667314,"[77.4743453  76.05181782 55.70933504 31.98031257 19.31782425 51.99420573
 45.09442258]"
0.028,79.6481871384476,"[77.4743453  76.05181782 55.70933504 31.98031257 19.31782425 51.99420573
 45.09442258]"
0.507,138.30453577071037,"[77.4743453  76.05181782 55.70933504 31.98031257 19.31782425 51.99420573
 45.09442258]"
0.185,72.27795049025828,"[54.80754902 90.1052817  18.88283723 23.04746301  4.43289639  0.76790213
 84.12389414]"
0.157,69.51273891703215,"[54.80754902 90.1052817  18.88283723 23.04746301  4.43289639  0.76790213
 84.12389414]"
0.41000000000000003,97.04713059497736,"[54.80754902 90.1052817  18.88283723 23.04746301  4.43289639  0.76790213
 84.12389414]"
0.042,58.62700206796376,"[54.80754902 90.1052817  18.88283723 23.04746301  4.43289639  0.76790213
 84.12389414]"
0.245,78.39056727552182,"[54.80754902 90.1052817  18.88283723 23.04746301  4.43289639  0.76790213
 84.12389414]"
0.663,137.66435352095584,"[54.80754902 90.1052817  18.88283723 23.04746301  4.43289639  0.76790213
 84.12389414]"
0.991,331.6611619378386,"[22.13201272 29.95239702 92.16926941 66.85437234 97.49168915 30.55435766
  1.08753089]"
0.548,87.55821552719664,"[22.13201272 29.95239702 92.16926941 66.85437234 97.49168915 30.55435766
  1.08753089]"
0.764,170.0127219651338,"[22.13201272 29.95239702 92.16926941 66.85437234 97.49168915 30.55435766
  1.08753089]"
0.382,53.07808350852866,"[22.13201272 29.95239702 92.16926941 66.85437234 97.49168915 30.55435766
  1.08753089]"
0.421,59.539506348661575,"[22.13201272 29.95239702 92.16926941 66.85437234 97.49168915 30.55435766
  1.08753089]"
0.983,324.1944635244653,"[22.13201272 29.95239702 92.16926941 66.85437234 97.49168915 30.55435766
  1.08753089]"
0.151,71.38367430354116,"[61.91648365 58.64901836 12.4693216  87.39636718 39.97151447 61.29644264
 32.21894599]"
0.06,65.49975911889794,"[61.91648365 58.64901836 12.4693216  87.39636718 39.97151447 61.29644264
 32.21894599]"
0.356,89.37710362835793,"[61.91648365 58.64901836 12.4693216  87.39636718 39.97151447 61.29644264
 32.21894599]"
0.079,66.67242028853204,"[61.91648365 58.64901836 12.4693216  87.39636718 39.97151447 61.29644264
 32.21894599]"
0.809,211.19381806468127,"[61.91648365 58.64901836 12.4693216  87.39636718 39.97151447 61.29644264
 32.21894599]"
0.009000000000000001,62.445398804018645,"[61.91648365 58.64901836 12.4693216  87.39636718 39.97151447 61.29644264
 32.21894599]"
0.596,145.49168080109607,"[72.07547388 40.3678901  54.61066395 76.20735668 24.22669837 87.31589806
 93.737154  ]"
0.289,90.54203295677102,"[72.07547388 40.3678901  54.61066395 76.20735668 24.22669837 87.31589806
 93.737154  ]"
0.19,82.29712693474185,"[72.07547388 40.3678901  54.61066395 76.20735668 24.22669837 87.31589806
 93.737154  ]"
0.159,80.20678146235733,"[72.07547388 40.3678901  54.61066395 76.20735668 24.22669837 87.31589806
 93.737154  ]"
0.328,94.60916060234133,"[72.07547388 40.3678901  54.61066395 76.20735668 24.22669837 87.31589806
 93.737154  ]"
0.8190000000000001,254.99574143145233,"[72.07547388 40.3678901  54.61066395 76.20735668 24.22669837 87.31589806
 93.737154  ]"
0.677,144.21954766339368,"[17.94400615 80.94258053 55.08158725 71.67711405 81.31761771 36.81587622
 17.38234039]"
0.018000000000000002,19.41924565948747,"[17.94400615 80.94258053 55.08158725 71.67711405 81.31761771 36.81587622
 17.38234039]"
0.302,50.168658430740095,"[17.94400615 80.94258053 55.08158725 71.67711405 81.31761771 36.81587622
 17.38234039]"
0.712,159.2689272841019,"[17.94400615 80.94258053 55.08158725 71.67711405 81.31761771 36.81587622
 17.38234039]"
0.17300000000000001,34.04574419941408,"[17.94400615 80.94258053 55.08158725 71.67711405 81.31761771 36.81587622
 17.38234039]"
0.20500000000000002,37.62778058822951,"[17.94400615 80.94258053 55.08158725 71.67711405 81.31761771 36.81587622
 17.38234039]"
0.537,112.05902817521292,"[63.50955572 28.15910825 67.55365064 56.95393925 17.95973531 60.82117268
 38.30926473]"
0.378,87.82990857203966,"[63.50955572 28.15910825 67.55365064 56.95393925 17.95973531 60.82117268
 38.30926473]"
0.226,74.06912980906543,"[63.50955572 28.15910825 67.55365064 56.95393925 17.95973531 60.82117268
 38.30926473]"
0.5640000000000001,117.61899166384134,"[63.50955572 28.15910825 67.55365064 56.95393925 17.95973531 60.82117268
 38.30926473]"
0.517,108.25570236996515,"[63.50955572 28.15910825 67.55365064 56.95393925 17.95973531 60.82117268
 38.30926473]"
0.993,326.7613349949133,"[63.50955572 28.15910825 67.55365064 56.95393925 17.95973531 60.82117268
 38.30926473]"
0.419,78.24776274453541,"[56.0704048  18.67982165 70.33523467  1.84383356 30.17326966 56.30907454
 38.73062923]"
0.177,61.631078871006245,"[56.0704048  18.67982165 70.33523467  1.84383356 30.17326966 56.30907454
 38.73062923]"
0.47600000000000003,84.4726142062952,"[56.0704048  18.67982165 70.33523467  1.84383356 30.17326966 56.30907454
 38.73062923]"
0.433,79.66852501186163,"[56.0704048  18.67982165 70.33523467  1.84383356 30.17326966 56.30907454
 38.73062923]"
0.041,56.954730063153924,"[56.0704048  18.67982165 70.33523467  1.84383356 30.17326966 56.30907454
 38.73062923]"
0.5740000000000001,98.48441587265587,"[56.0704048  18.67982165 70.33523467  1.84383356 30.17326966 56.30907454
 38.73062923]"
0.61,163.09277494418214,"[79.6002689  57.29618853 65.0202297  86.71433836  0.09777188 41.6641893
 21.98774739]"
0.561,150.52706017785317,"[79.6002689  57.29618853 65.0202297  86.71433836  0.09777188 41.6641893
 21.98774739]"
0.226,96.89888878912916,"[79.6002689  57.29618853 65.0202297  86.71433836  0.09777188 41.6641893
 21.98774739]"
0.341,110.36526385117743,"[79.6002689  57.29618853 65.0202297  86.71433836  0.09777188 41.6641893
 21.98774739]"
0.762,214.42153135378067,"[79.6002689  57.29618853 65.0202297  86.71433836  0.09777188 41.6641893
 21.98774739]"
0.908,288.25176382848707,"[79.6002689  57.29618853 65.0202297  86.71433836  0.09777188 41.6641893
 21.98774739]"
0.562,103.20791236317996,"[55.05543506 23.99174439 86.78472016  4.36588294 14.24010795 43.86684476
 82.64076144]"
0.47900000000000004,89.79324483386866,"[55.05543506 23.99174439 86.78472016  4.36588294 14.24010795 43.86684476
 82.64076144]"
0.802,174.80616815743605,"[55.05543506 23.99174439 86.78472016  4.36588294 14.24010795 43.86684476
 82.64076144]"
0.447,85.5206426198259,"[55.05543506 23.99174439 86.78472016  4.36588294 14.24010795 43.86684476
 82.64076144]"
0.31,71.2933928651715,"[55.05543506 23.99174439 86.78472016  4.36588294 14.24010795 43.86684476
 82.64076144]"
0.8220000000000001,184.2976049699929,"[55.05543506 23.99174439 86.78472016  4.36588294 14.24010795 43.86684476
 82.64076144]"
0.042,37.21996241124376,"[34.53828726 62.23182911 38.09548304  9.52360005  9.60127151 16.66052191
 47.47593189]"
0.269,54.31238257479237,"[34.53828726 62.23182911 38.09548304  9.52360005  9.60127151 16.66052191
 47.47593189]"
0.183,47.27682729975531,"[34.53828726 62.23182911 38.09548304  9.52360005  9.60127151 16.66052191
 47.47593189]"
0.868,157.44929585869113,"[34.53828726 62.23182911 38.09548304  9.52360005  9.60127151 16.66052191
 47.47593189]"
0.839,147.43469783089333,"[34.53828726 62.23182911 38.09548304  9.52360005  9.60127151 16.66052191
 47.47593189]"
0.324,59.244643265213575,"[34.53828726 62.23182911 38.09548304  9.52360005  9.60127151 16.66052191
 47.47593189]"
0.607,125.25771092412961,"[45.42690657 70.43903061 46.27092232 43.72430973 35.806277   49.61623289
 25.94151071]"
0.28300000000000003,70.39102553697018,"[45.42690657 70.43903061 46.27092232 43.72430973 35.806277   49.61623289
 25.94151071]"
0.547,111.28820560672266,"[45.42690657 70.43903061 46.27092232 43.72430973 35.806277   49.61623289
 25.94151071]"
0.17300000000000001,59.26455087999429,"[45.42690657 70.43903061 46.27092232 43.72430973 35.806277   49.61623289
 25.94151071]"
0.417,87.86120917695519,"[45.42690657 70.43903061 46.27092232 43.72430973 35.806277   49.61623289
 25.94151071]"
0.311,73.62684367864185,"[45.42690657 70.43903061 46.27092232 43.72430973 35.806277   49.61623289
 25.94151071]"
0.6920000000000001,118.24908814592224,"[15.83186739 78.39580427 43.61686887 56.16118486  4.236465   26.84816293
 31.31457316]"
0.9480000000000001,223.90581110053895,"[15.83186739 78.39580427 43.61686887 56.16118486  4.236465   26.84816293
 31.31457316]"
0.47300000000000003,69.81302220191249,"[15.83186739 78.39580427 43.61686887 56.16118486  4.236465   26.84816293
 31.31457316]"
0.417,60.81103342964304,"[15.83186739 78.39580427 43.61686887 56.16118486  4.236465   26.84816293
 31.31457316]"
0.668,111.60046498279031,"[15.83186739 78.39580427 43.61686887 56.16118486  4.236465   26.84816293
 31.31457316]"
0.491,72.93840497816075,"[15.83186739 78.39580427 43.61686887 56.16118486  4.236465   26.84816293
 31.31457316]"
0.20600000000000002,44.66209216741712,"[42.41791498  1.05025825 34.25483112 57.81391798 32.53982611 15.44083993
 58.3767116 ]"
0.49,61.078906674784484,"[42.41791498  1.05025825 34.25483112 57.81391798 32.53982611 15.44083993
 58.3767116 ]"
0.135,43.33809193603305,"[42.41791498  1.05025825 34.25483112 57.81391798 32.53982611 15.44083993
 58.3767116 ]"
0.624,80.29891493936694,"[42.41791498  1.05025825 34.25483112 57.81391798 32.53982611 15.44083993
 58.3767116 ]"
0.586,73.69822512749495,"[42.41791498  1.05025825 34.25483112 57.81391798 32.53982611 15.44083993
 58.3767116 ]"
0.187,44.23604521977421,"[42.41791498  1.05025825 34.25483112 57.81391798 32.53982611 15.44083993
 58.3767116 ]"
0.862,229.97870304627676,"[ 5.34669806 65.50134943 20.69774266 98.29747235 82.91663538 32.95470089
 69.14701574]"
0.07,10.06898184044469,"[ 5.34669806 65.50134943 20.69774266 98.29747235 82.91663538 32.95470089
 69.14701574]"
0.975,343.3632528341034,"[ 5.34669806 65.50134943 20.69774266 98.29747235 82.91663538 32.95470089
 69.14701574]"
0.28800000000000003,28.95115223980555,"[ 5.34669806 65.50134943 20.69774266 98.29747235 82.91663538 32.95470089
 69.14701574]"
0.229,22.87112201766684,"[ 5.34669806 65.50134943 20.69774266 98.29747235 82.91663538 32.95470089
 69.14701574]"
0.216,21.654284300362377,"[ 5.34669806 65.50134943 20.69774266 98.29747235 82.91663538 32.95470089
 69.14701574]"
0.131,83.19343345157606,"[76.46204775 44.11585377 45.64361175 68.33828949 40.44614419 81.37201917
 46.98578735]"
0.333,99.63206442987314,"[76.46204775 44.11585377 45.64361175 68.33828949 40.44614419 81.37201917
 46.98578735]"
0.583,143.23485936012423,"[76.46204775 44.11585377 45.64361175 68.33828949 40.44614419 81.37201917
 46.98578735]"
0.559,137.14720564343642,"[76.46204775 44.11585377 45.64361175 68.33828949 40.44614419 81.37201917
 46.98578735]"
0.765,212.10689234462032,"[76.46204775 44.11585377 45.64361175 68.33828949 40.44614419 81.37201917
 46.98578735]"
0.09,80.85516559647408,"[76.46204775 44.11585377 45.64361175 68.33828949 40.44614419 81.37201917
 46.98578735]"
0.516,125.57913495424563,"[94.43866164 14.55821553 64.3567551   3.08625435 63.60413366 39.80375392
  5.50816169]"
0.605,139.50369900537837,"[94.43866164 14.55821553 64.3567551   3.08625435 63.60413366 39.80375392
  5.50816169]"
0.442,116.8530266940367,"[94.43866164 14.55821553 64.3567551   3.08625435 63.60413366 39.80375392
  5.50816169]"
0.533,127.92033874181041,"[94.43866164 14.55821553 64.3567551   3.08625435 63.60413366 39.80375392
  5.50816169]"
0.876,219.128106876726,"[94.43866164 14.55821553 64.3567551   3.08625435 63.60413366 39.80375392
  5.50816169]"
0.543,129.3630758369077,"[94.43866164 14.55821553 64.3567551   3.08625435 63.60413366 39.80375392
  5.50816169]"
0.8220000000000001,264.4576649427421,"[19.24720825 90.53549237 83.02265018 85.50469166 62.21932866 49.4666011
 65.58779931]"
0.754,215.57996563308043,"[19.24720825 90.53549237 83.02265018 85.50469166 62.21932866 49.4666011
 65.58779931]"
0.382,72.64410823443238,"[19.24720825 90.53549237 83.02265018 85.50469166 62.21932866 49.4666011
 65.58779931]"
0.651,158.91245625001724,"[19.24720825 90.53549237 83.02265018 85.50469166 62.21932866 49.4666011
 65.58779931]"
0.514,106.65504149358613,"[19.24720825 90.53549237 83.02265018 85.50469166 62.21932866 49.4666011
 65.58779931]"
0.581,129.53034495460605,"[19.24720825 90.53549237 83.02265018 85.50469166 62.21932866 49.4666011
 65.58779931]"
0.496,131.9168529708659,"[86.78906668 28.01215894 83.79185763 56.03877032 23.82446032 53.33229839
 49.60232978]"
0.327,107.4007119528969,"[86.78906668 28.01215894 83.79185763 56.03877032 23.82446032 53.33229839
 49.60232978]"
0.015,87.22829260615772,"[86.78906668 28.01215894 83.79185763 56.03877032 23.82446032 53.33229839
 49.60232978]"
0.47500000000000003,128.07831622058578,"[86.78906668 28.01215894 83.79185763 56.03877032 23.82446032 53.33229839
 49.60232978]"
0.401,116.48445358524293,"[86.78906668 28.01215894 83.79185763 56.03877032 23.82446032 53.33229839
 49.60232978]"
0.145,92.79780581056016,"[86.78906668 28.01215894 83.79185763 56.03877032 23.82446032 53.33229839
 49.60232978]"
0.504,100.5608105773083,"[44.73693921 93.68233994 18.92475081  6.36968895 36.68509575  8.55456294
 20.74656152]"
0.857,174.8935223176062,"[44.73693921 93.68233994 18.92475081  6.36968895 36.68509575  8.55456294
 20.74656152]"
0.377,83.95201880647177,"[44.73693921 93.68233994 18.92475081  6.36968895 36.68509575  8.55456294
 20.74656152]"
0.273,72.07759183329475,"[44.73693921 93.68233994 18.92475081  6.36968895 36.68509575  8.55456294
 20.74656152]"
0.602,115.86370475775571,"[44.73693921 93.68233994 18.92475081  6.36968895 36.68509575  8.55456294
 20.74656152]"
0.43,90.53706293703162,"[44.73693921 93.68233994 18.92475081  6.36968895 36.68509575  8.55456294
 20.74656152]"
0.906,245.19080115263142,"[26.28054013 69.3671542  26.34900075 31.62705229 57.12710634 71.41205419
 52.13193131]"
0.23900000000000002,45.047940032492264,"[26.28054013 69.3671542  26.34900075 31.62705229 57.12710634 71.41205419
 52.13193131]"
0.159,38.14778825800426,"[26.28054013 69.3671542  26.34900075 31.62705229 57.12710634 71.41205419
 52.13193131]"
0.507,79.39675857172173,"[26.28054013 69.3671542  26.34900075 31.62705229 57.12710634 71.41205419
 52.13193131]"
0.536,85.012325944412,"[26.28054013 69.3671542  26.34900075 31.62705229 57.12710634 71.41205419
 52.13193131]"
0.653,114.52698975621762,"[26.28054013 69.3671542  26.34900075 31.62705229 57.12710634 71.41205419
 52.13193131]"
0.263,62.735054153710315,"[47.45136794 38.65138783 69.09236196  2.20783774 39.19704585 80.93080406
 29.58795885]"
0.395,75.47967248086447,"[47.45136794 38.65138783 69.09236196  2.20783774 39.19704585 80.93080406
 29.58795885]"
0.881,217.0407798609415,"[47.45136794 38.65138783 69.09236196  2.20783774 39.19704585 80.93080406
 29.58795885]"
0.182,56.84808942674062,"[47.45136794 38.65138783 69.09236196  2.20783774 39.19704585 80.93080406
 29.58795885]"
0.53,94.80646763441389,"[47.45136794 38.65138783 69.09236196  2.20783774 39.19704585 80.93080406
 29.58795885]"
0.812,179.66429820666735,"[47.45136794 38.65138783 69.09236196  2.20783774 39.19704585 80.93080406
 29.58795885]"
0.371,94.5586199936001,"[65.91624755 29.43409339 88.92201667 79.61776494 56.99330106 31.90410678
 43.47273778]"
0.555,131.61133849147262,"[65.91624755 29.43409339 88.92201667 79.61776494 56.99330106 31.90410678
 43.47273778]"
0.579,138.3423035843132,"[65.91624755 29.43409339 88.92201667 79.61776494 56.99330106 31.90410678
 43.47273778]"
0.916,315.05875395921316,"[65.91624755 29.43409339 88.92201667 79.61776494 56.99330106 31.90410678
 43.47273778]"
0.396,98.34060550531792,"[65.91624755 29.43409339 88.92201667 79.61776494 56.99330106 31.90410678
 43.47273778]"
0.023,66.64125631486637,"[65.91624755 29.43409339 88.92201667 79.61776494 56.99330106 31.90410678
 43.47273778]"
0.389,34.481408793836145,"[ 3.82129133 51.74122169 50.74296104 40.65592628  4.10611729 31.14097661
 25.89822494]"
0.41400000000000003,37.45391434366874,"[ 3.82129133 51.74122169 50.74296104 40.65592628  4.10611729 31.14097661
 25.89822494]"
0.762,105.15452932507556,"[ 3.82129133 51.74122169 50.74296104 40.65592628  4.10611729 31.14097661
 25.89822494]"
0.034,5.640756617841698,"[ 3.82129133 51.74122169 50.74296104 40.65592628  4.10611729 31.14097661
 25.89822494]"
0.9,155.97419694350748,"[ 3.82129133 51.74122169 50.74296104 40.65592628  4.10611729 31.14097661
 25.89822494]"
0.656,77.68470082564548,"[ 3.82129133 51.74122169 50.74296104 40.65592628  4.10611729 31.14097661
 25.89822494]"
0.457,76.16797823514241,"[18.60893833 92.47458919 50.85972191 26.45917513  4.78875559 53.00040186
 97.19776825]"
0.20600000000000002,40.08400098491152,"[18.60893833 92.47458919 50.85972191 26.45917513  4.78875559 53.00040186
 97.19776825]"
0.716,144.93429387418402,"[18.60893833 92.47458919 50.85972191 26.45917513  4.78875559 53.00040186
 97.19776825]"
0.912,257.99800029144126,"[18.60893833 92.47458919 50.85972191 26.45917513  4.78875559 53.00040186
 97.19776825]"
0.608,109.54918640154337,"[18.60893833 92.47458919 50.85972191 26.45917513  4.78875559 53.00040186
 97.19776825]"
0.315,53.91847161086458,"[18.60893833 92.47458919 50.85972191 26.45917513  4.78875559 53.00040186
 97.19776825]"
0.661,136.06457260097352,"[41.17824842 63.82356729 63.03753134  1.2779882  59.89685345 95.76952026
 15.20790622]"
0.535,103.02367009843297,"[41.17824842 63.82356729 63.03753134  1.2779882  59.89685345 95.76952026
 15.20790622]"
0.244,60.82111002150956,"[41.17824842 63.82356729 63.03753134  1.2779882  59.89685345 95.76952026
 15.20790622]"
0.614,122.11175297724871,"[41.17824842 63.82356729 63.03753134  1.2779882  59.89685345 95.76952026
 15.20790622]"
0.903,256.72309420965234,"[41.17824842 63.82356729 63.03753134  1.2779882  59.89685345 95.76952026
 15.20790622]"
0.724,158.61295096778215,"[41.17824842 63.82356729 63.03753134  1.2779882  59.89685345 95.76952026
 15.20790622]"
0.28,91.23106455368111,"[82.77970359  8.36412804 48.90750364 87.30845228 39.84399177 42.58124245
 83.57568019]"
0.653,152.18680243206123,"[82.77970359  8.36412804 48.90750364 87.30845228 39.84399177 42.58124245
 83.57568019]"
0.492,113.87927965490634,"[82.77970359  8.36412804 48.90750364 87.30845228 39.84399177 42.58124245
 83.57568019]"
0.125,84.77126949180156,"[82.77970359  8.36412804 48.90750364 87.30845228 39.84399177 42.58124245
 83.57568019]"
0.136,85.05757942919305,"[82.77970359  8.36412804 48.90750364 87.30845228 39.84399177 42.58124245
 83.57568019]"
0.078,83.77270782056586,"[82.77970359  8.36412804 48.90750364 87.30845228 39.84399177 42.58124245
 83.57568019]"
0.219,25.950914125459345,"[ 0.43230176 96.41412361 82.97791107 25.57677229 61.37633984 21.71275486
 31.28823186]"
0.08700000000000001,9.468870724586386,"[ 0.43230176 96.41412361 82.97791107 25.57677229 61.37633984 21.71275486
 31.28823186]"
0.436,63.137431387965194,"[ 0.43230176 96.41412361 82.97791107 25.57677229 61.37633984 21.71275486
 31.28823186]"
0.676,130.29620241207468,"[ 0.43230176 96.41412361 82.97791107 25.57677229 61.37633984 21.71275486
 31.28823186]"
0.783,175.74613213204077,"[ 0.43230176 96.41412361 82.97791107 25.57677229 61.37633984 21.71275486
 31.28823186]"
0.009000000000000001,1.3067691292359391,"[ 0.43230176 96.41412361 82.97791107 25.57677229 61.37633984 21.71275486
 31.28823186]"
0.6930000000000001,101.48349881357154,"[51.55872251  7.56794578 26.05851346 20.92486212 29.23193826 78.41843876
 53.49818617]"
0.445,64.8607637605336,"[51.55872251  7.56794578 26.05851346 20.92486212 29.23193826 78.41843876
 53.49818617]"
0.764,122.89247948905421,"[51.55872251  7.56794578 26.05851346 20.92486212 29.23193826 78.41843876
 53.49818617]"
0.296,57.06322004352028,"[51.55872251  7.56794578 26.05851346 20.92486212 29.23193826 78.41843876
 53.49818617]"
0.41200000000000003,62.59817705378214,"[51.55872251  7.56794578 26.05851346 20.92486212 29.23193826 78.41843876
 53.49818617]"
0.19,54.140897578527934,"[51.55872251  7.56794578 26.05851346 20.92486212 29.23193826 78.41843876
 53.49818617]"
0.78,251.6739957786899,"[98.56711538 19.74833642 87.87554007 68.62422719 89.99471834 23.7215184
 51.12586228]"
0.809,269.493109707415,"[98.56711538 19.74833642 87.87554007 68.62422719 89.99471834 23.7215184
 51.12586228]"
0.32,117.21187221528076,"[98.56711538 19.74833642 87.87554007 68.62422719 89.99471834 23.7215184
 51.12586228]"
0.9550000000000001,389.8268746860009,"[98.56711538 19.74833642 87.87554007 68.62422719 89.99471834 23.7215184
 51.12586228]"
0.242,109.80374854545832,"[98.56711538 19.74833642 87.87554007 68.62422719 89.99471834 23.7215184
 51.12586228]"
0.767,244.22637675435723,"[98.56711538 19.74833642 87.87554007 68.62422719 89.99471834 23.7215184
 51.12586228]"
0.316,50.071670862367185,"[25.77648662 57.82887864 46.64840701 15.30184831 50.22477364 98.44075057
 69.61361652]"
0.896,251.2866189474624,"[25.77648662 57.82887864 46.64840701 15.30184831 50.22477364 98.44075057
 69.61361652]"
0.21,40.26330863017977,"[25.77648662 57.82887864 46.64840701 15.30184831 50.22477364 98.44075057
 69.61361652]"
0.038,28.042296687532033,"[25.77648662 57.82887864 46.64840701 15.30184831 50.22477364 98.44075057
 69.61361652]"
0.838,205.557825841428,"[25.77648662 57.82887864 46.64840701 15.30184831 50.22477364 98.44075057
 69.61361652]"
0.785,172.026078941957,"[25.77648662 57.82887864 46.64840701 15.30184831 50.22477364 98.44075057
 69.61361652]"
0.559,71.99261005594653,"[10.66670594 48.62736703 55.58407982  8.9026511  95.47549397 96.24808245
 21.07287867]"
0.074,14.576197105551644,"[10.66670594 48.62736703 55.58407982  8.9026511  95.47549397 96.24808245
 21.07287867]"
0.53,65.4037725056328,"[10.66670594 48.62736703 55.58407982  8.9026511  95.47549397 96.24808245
 21.07287867]"
0.528,64.97503388380163,"[10.66670594 48.62736703 55.58407982  8.9026511  95.47549397 96.24808245
 21.07287867]"
0.34500000000000003,36.28316986748356,"[10.66670594 48.62736703 55.58407982  8.9026511  95.47549397 96.24808245
 21.07287867]"
0.41400000000000003,45.0384458534484,"[10.66670594 48.62736703 55.58407982  8.9026511  95.47549397 96.24808245
 21.07287867]"
0.257,15.741084798041099,"[ 6.34677474 14.48136925 69.26153593 57.51965481  8.64729917 49.37463635
 98.87679174]"
0.422,30.608433489420424,"[ 6.34677474 14.48136925 69.26153593 57.51965481  8.64729917 49.37463635
 98.87679174]"
0.753,113.83931668571093,"[ 6.34677474 14.48136925 69.26153593 57.51965481  8.64729917 49.37463635
 98.87679174]"
0.056,7.385152249232736,"[ 6.34677474 14.48136925 69.26153593 57.51965481  8.64729917 49.37463635
 98.87679174]"
0.748,111.59011664835327,"[ 6.34677474 14.48136925 69.26153593 57.51965481  8.64729917 49.37463635
 98.87679174]"
0.364,24.266258794407037,"[ 6.34677474 14.48136925 69.26153593 57.51965481  8.64729917 49.37463635
 98.87679174]"
0.47300000000000003,44.800969408379544,"[10.4327667  38.11076158  9.59457176 86.99700652 84.83815789 25.1894724
 13.03236459]"
0.393,34.48068521694117,"[10.4327667  38.11076158  9.59457176 86.99700652 84.83815789 25.1894724
 13.03236459]"
0.718,104.0833301437679,"[10.4327667  38.11076158  9.59457176 86.99700652 84.83815789 25.1894724
 13.03236459]"
0.403,35.6050109918369,"[10.4327667  38.11076158  9.59457176 86.99700652 84.83815789 25.1894724
 13.03236459]"
0.7000000000000001,97.78809420712902,"[10.4327667  38.11076158  9.59457176 86.99700652 84.83815789 25.1894724
 13.03236459]"
0.5660000000000001,61.44999446935156,"[10.4327667  38.11076158  9.59457176 86.99700652 84.83815789 25.1894724
 13.03236459]"
0.454,84.36163658546437,"[5.35997076e+01 3.69504189e+01 2.65482417e-02 9.87753480e+01
 6.36818740e+01 7.28548603e+01 7.16319832e+01]"
0.27,65.99317325795055,"[5.35997076e+01 3.69504189e+01 2.65482417e-02 9.87753480e+01
 6.36818740e+01 7.28548603e+01 7.16319832e+01]"
0.134,58.81329866577836,"[5.35997076e+01 3.69504189e+01 2.65482417e-02 9.87753480e+01
 6.36818740e+01 7.28548603e+01 7.16319832e+01]"
0.55,101.84099726695709,"[5.35997076e+01 3.69504189e+01 2.65482417e-02 9.87753480e+01
 6.36818740e+01 7.28548603e+01 7.16319832e+01]"
0.02,54.33952720279503,"[5.35997076e+01 3.69504189e+01 2.65482417e-02 9.87753480e+01
 6.36818740e+01 7.28548603e+01 7.16319832e+01]"
0.808,207.74554403685326,"[5.35997076e+01 3.69504189e+01 2.65482417e-02 9.87753480e+01
 6.36818740e+01 7.28548603e+01 7.16319832e+01]"
0.264,80.64987258988427,"[51.8770421  94.60754557 50.40933266  2.6750809  26.02447629 83.46805703
  1.28662965]"
0.016,53.40368036819547,"[51.8770421  94.60754557 50.40933266  2.6750809  26.02447629 83.46805703
  1.28662965]"
0.515,119.21363686061962,"[51.8770421  94.60754557 50.40933266  2.6750809  26.02447629 83.46805703
  1.28662965]"
0.532,122.54884365315861,"[51.8770421  94.60754557 50.40933266  2.6750809  26.02447629 83.46805703
  1.28662965]"
0.189,71.62999511635785,"[51.8770421  94.60754557 50.40933266  2.6750809  26.02447629 83.46805703
  1.28662965]"
0.518,119.79308734940042,"[51.8770421  94.60754557 50.40933266  2.6750809  26.02447629 83.46805703
  1.28662965]"
0.47200000000000003,110.69925743039703,"[76.38248761 16.74361614 68.61779061 50.67160198 64.99291239 72.72529318
 78.5927522 ]"
0.277,87.89915248217532,"[76.38248761 16.74361614 68.61779061 50.67160198 64.99291239 72.72529318
 78.5927522 ]"
0.149,80.60652398197918,"[76.38248761 16.74361614 68.61779061 50.67160198 64.99291239 72.72529318
 78.5927522 ]"
0.526,121.11686689348828,"[76.38248761 16.74361614 68.61779061 50.67160198 64.99291239 72.72529318
 78.5927522 ]"
0.544,125.14876939758358,"[76.38248761 16.74361614 68.61779061 50.67160198 64.99291239 72.72529318
 78.5927522 ]"
0.899,310.35646060474204,"[76.38248761 16.74361614 68.61779061 50.67160198 64.99291239 72.72529318
 78.5927522 ]"
0.877,187.072150174877,"[22.52863332 68.98717719 35.72326151 11.14715422 95.89009494  3.83158916
 22.71371509]"
0.894,195.756050494039,"[22.52863332 68.98717719 35.72326151 11.14715422 95.89009494  3.83158916
 22.71371509]"
0.14,32.95481608319869,"[22.52863332 68.98717719 35.72326151 11.14715422 95.89009494  3.83158916
 22.71371509]"
0.68,112.7687291195254,"[22.52863332 68.98717719 35.72326151 11.14715422 95.89009494  3.83158916
 22.71371509]"
0.874,185.5843741518015,"[22.52863332 68.98717719 35.72326151 11.14715422 95.89009494  3.83158916
 22.71371509]"
0.7010000000000001,118.78185075379494,"[22.52863332 68.98717719 35.72326151 11.14715422 95.89009494  3.83158916
 22.71371509]"
0.115,29.09356201160488,"[19.61929099 73.6270581  72.11692346 22.59204034 96.76265648 99.95901183
 51.43563353]"
0.62,124.75123278630419,"[19.61929099 73.6270581  72.11692346 22.59204034 96.76265648 99.95901183
 51.43563353]"
0.059000000000000004,24.220212502451577,"[19.61929099 73.6270581  72.11692346 22.59204034 96.76265648 99.95901183
 51.43563353]"
0.583,111.46277416506993,"[19.61929099 73.6270581  72.11692346 22.59204034 96.76265648 99.95901183
 51.43563353]"
0.796,219.19049115796312,"[19.61929099 73.6270581  72.11692346 22.59204034 96.76265648 99.95901183
 51.43563353]"
0.49,84.78345837697023,"[19.61929099 73.6270581  72.11692346 22.59204034 96.76265648 99.95901183
 51.43563353]"
0.646,89.86313292468722,"[25.29026802 51.03832926 20.93631295  4.54870652 40.96191725 78.34871661
 78.30181723]"
0.531,67.29522265045017,"[25.29026802 51.03832926 20.93631295  4.54870652 40.96191725 78.34871661
 78.30181723]"
0.798,143.84791228800094,"[25.29026802 51.03832926 20.93631295  4.54870652 40.96191725 78.34871661
 78.30181723]"
0.915,217.91692299820642,"[25.29026802 51.03832926 20.93631295  4.54870652 40.96191725 78.34871661
 78.30181723]"
0.41600000000000004,53.081505854776466,"[25.29026802 51.03832926 20.93631295  4.54870652 40.96191725 78.34871661
 78.30181723]"
0.662,93.99152567962085,"[25.29026802 51.03832926 20.93631295  4.54870652 40.96191725 78.34871661
 78.30181723]"
0.481,77.95350511559182,"[42.42869942 33.56328701 40.52165094 80.89128457  6.72081148 11.86127088
 27.34396894]"
0.423,70.5313277726247,"[42.42869942 33.56328701 40.52165094 80.89128457  6.72081148 11.86127088
 27.34396894]"
0.056,44.44959866337595,"[42.42869942 33.56328701 40.52165094 80.89128457  6.72081148 11.86127088
 27.34396894]"
0.603,98.28602201945314,"[42.42869942 33.56328701 40.52165094 80.89128457  6.72081148 11.86127088
 27.34396894]"
0.075,45.208251905730556,"[42.42869942 33.56328701 40.52165094 80.89128457  6.72081148 11.86127088
 27.34396894]"
0.069,44.964237160690104,"[42.42869942 33.56328701 40.52165094 80.89128457  6.72081148 11.86127088
 27.34396894]"
0.503,117.00286505696482,"[42.04728236 70.77299108 77.0875939  89.63196958 79.39622107 77.83782084
 52.93357545]"
0.934,399.31471322364973,"[42.04728236 70.77299108 77.0875939  89.63196958 79.39622107 77.83782084
 52.93357545]"
0.894,353.16473762205226,"[42.04728236 70.77299108 77.0875939  89.63196958 79.39622107 77.83782084
 52.93357545]"
0.255,67.02742300049086,"[42.04728236 70.77299108 77.0875939  89.63196958 79.39622107 77.83782084
 52.93357545]"
0.673,183.8669991865814,"[42.04728236 70.77299108 77.0875939  89.63196958 79.39622107 77.83782084
 52.93357545]"
0.5640000000000001,136.74457046906545,"[42.04728236 70.77299108 77.0875939  89.63196958 79.39622107 77.83782084
 52.93357545]"
0.974,280.40447592790866,"[ 9.07363089 31.10203675 12.94092526 68.42350368 93.10395027 28.41070414
 66.57331294]"
0.28400000000000003,21.21080029616526,"[ 9.07363089 31.10203675 12.94092526 68.42350368 93.10395027 28.41070414
 66.57331294]"
0.579,59.52197112690689,"[ 9.07363089 31.10203675 12.94092526 68.42350368 93.10395027 28.41070414
 66.57331294]"
0.031,10.052355517876865,"[ 9.07363089 31.10203675 12.94092526 68.42350368 93.10395027 28.41070414
 66.57331294]"
0.23800000000000002,18.463899976546518,"[ 9.07363089 31.10203675 12.94092526 68.42350368 93.10395027 28.41070414
 66.57331294]"
0.637,74.57929216993365,"[ 9.07363089 31.10203675 12.94092526 68.42350368 93.10395027 28.41070414
 66.57331294]"
0.17400000000000002,87.82250212273385,"[84.05206695 17.60729133  8.2576484  81.86640161 11.90461104 88.91300449
 14.06759782]"
0.663,138.09945780194442,"[84.05206695 17.60729133  8.2576484  81.86640161 11.90461104 88.91300449
 14.06759782]"
0.935,256.6855637315806,"[84.05206695 17.60729133  8.2576484  81.86640161 11.90461104 88.91300449
 14.06759782]"
0.368,96.58306917184832,"[84.05206695 17.60729133  8.2576484  81.86640161 11.90461104 88.91300449
 14.06759782]"
0.222,89.34210258411495,"[84.05206695 17.60729133  8.2576484  81.86640161 11.90461104 88.91300449
 14.06759782]"
0.034,84.66349833950974,"[84.05206695 17.60729133  8.2576484  81.86640161 11.90461104 88.91300449
 14.06759782]"
0.08700000000000001,100.1197190013144,"[95.99670278 39.3620127  83.33726441 94.23539204 91.85214025 82.19090416
 35.12703252]"
0.457,146.34898131994015,"[95.99670278 39.3620127  83.33726441 94.23539204 91.85214025 82.19090416
 35.12703252]"
0.121,102.16852233444163,"[95.99670278 39.3620127  83.33726441 94.23539204 91.85214025 82.19090416
 35.12703252]"
0.45,144.7474564534218,"[95.99670278 39.3620127  83.33726441 94.23539204 91.85214025 82.19090416
 35.12703252]"
0.33,122.90444893963802,"[95.99670278 39.3620127  83.33726441 94.23539204 91.85214025 82.19090416
 35.12703252]"
0.64,206.67590142435162,"[95.99670278 39.3620127  83.33726441 94.23539204 91.85214025 82.19090416
 35.12703252]"
0.9580000000000001,378.8720832125728,"[73.40886653 92.21305665 20.92621232 84.76848041 62.71098222 16.59882812
 73.96030508]"
0.196,93.02633690016997,"[73.40886653 92.21305665 20.92621232 84.76848041 62.71098222 16.59882812
 73.96030508]"
0.867,299.311232774285,"[73.40886653 92.21305665 20.92621232 84.76848041 62.71098222 16.59882812
 73.96030508]"
0.394,120.11950806728748,"[73.40886653 92.21305665 20.92621232 84.76848041 62.71098222 16.59882812
 73.96030508]"
0.006,73.96291660536642,"[73.40886653 92.21305665 20.92621232 84.76848041 62.71098222 16.59882812
 73.96030508]"
0.858,292.6854107710512,"[73.40886653 92.21305665 20.92621232 84.76848041 62.71098222 16.59882812
 73.96030508]"
0.494,95.96012373966089,"[40.68365673 60.67395294 38.55623428 85.45906747 49.93462742 52.29080136
 74.30279637]"
0.751,185.8993082273041,"[40.68365673 60.67395294 38.55623428 85.45906747 49.93462742 52.29080136
 74.30279637]"
0.466,90.24317450527614,"[40.68365673 60.67395294 38.55623428 85.45906747 49.93462742 52.29080136
 74.30279637]"
0.75,185.36282919419835,"[40.68365673 60.67395294 38.55623428 85.45906747 49.93462742 52.29080136
 74.30279637]"
0.056,44.21784060035534,"[40.68365673 60.67395294 38.55623428 85.45906747 49.93462742 52.29080136
 74.30279637]"
0.9410000000000001,332.44724853779763,"[40.68365673 60.67395294 38.55623428 85.45906747 49.93462742 52.29080136
 74.30279637]"
0.708,114.94735904412383,"[21.14482236 31.48009774 90.83432832  1.17932484 56.16531885 38.04283455
 37.18948296]"
0.511,66.92447588111136,"[21.14482236 31.48009774 90.83432832  1.17932484 56.16531885 38.04283455
 37.18948296]"
0.406,51.08972391628196,"[21.14482236 31.48009774 90.83432832  1.17932484 56.16531885 38.04283455
 37.18948296]"
0.854,176.59216393186745,"[21.14482236 31.48009774 90.83432832  1.17932484 56.16531885 38.04283455
 37.18948296]"
0.031,22.208085305951805,"[21.14482236 31.48009774 90.83432832  1.17932484 56.16531885 38.04283455
 37.18948296]"
0.058,23.277126790969533,"[21.14482236 31.48009774 90.83432832  1.17932484 56.16531885 38.04283455
 37.18948296]"
0.48,65.57872065222593,"[26.40518411 25.83693934 71.78628643 54.46871838 28.18213745 89.01254208
 36.33027988]"
0.339,46.36151913447517,"[26.40518411 25.83693934 71.78628643 54.46871838 28.18213745 89.01254208
 36.33027988]"
0.126,30.919350935610808,"[26.40518411 25.83693934 71.78628643 54.46871838 28.18213745 89.01254208
 36.33027988]"
0.711,128.71086069916973,"[26.40518411 25.83693934 71.78628643 54.46871838 28.18213745 89.01254208
 36.33027988]"
0.361,48.75489394207402,"[26.40518411 25.83693934 71.78628643 54.46871838 28.18213745 89.01254208
 36.33027988]"
0.487,66.81269988408015,"[26.40518411 25.83693934 71.78628643 54.46871838 28.18213745 89.01254208
 36.33027988]"
0.763,200.39936293821123,"[40.78801881 19.62221411 98.95957132 89.20442022 35.02078119 65.48906695
 94.26695474]"
0.67,149.6134024268248,"[40.78801881 19.62221411 98.95957132 89.20442022 35.02078119 65.48906695
 94.26695474]"
0.14200000000000002,45.84400481779497,"[40.78801881 19.62221411 98.95957132 89.20442022 35.02078119 65.48906695
 94.26695474]"
0.264,54.79271925353484,"[40.78801881 19.62221411 98.95957132 89.20442022 35.02078119 65.48906695
 94.26695474]"
0.768,203.65890846185903,"[40.78801881 19.62221411 98.95957132 89.20442022 35.02078119 65.48906695
 94.26695474]"
0.394,71.15564914381117,"[40.78801881 19.62221411 98.95957132 89.20442022 35.02078119 65.48906695
 94.26695474]"
0.29,81.16450298114414,"[50.88608007 90.1178973  25.82265536 67.81311211 31.12359718 32.9340021
 52.06701705]"
0.8130000000000001,217.99046619736788,"[50.88608007 90.1178973  25.82265536 67.81311211 31.12359718 32.9340021
 52.06701705]"
0.725,178.39357972661082,"[50.88608007 90.1178973  25.82265536 67.81311211 31.12359718 32.9340021
 52.06701705]"
0.131,63.29781686815493,"[50.88608007 90.1178973  25.82265536 67.81311211 31.12359718 32.9340021
 52.06701705]"
0.297,82.05946938501395,"[50.88608007 90.1178973  25.82265536 67.81311211 31.12359718 32.9340021
 52.06701705]"
0.783,203.22381950789088,"[50.88608007 90.1178973  25.82265536 67.81311211 31.12359718 32.9340021
 52.06701705]"
